{
  "detection": {
    "mAP50": 0.9949235465735252,
    "mAP50_95": 0.9913472784392137,
    "precision": 0.9956431320144747,
    "recall": 0.9957752571874868,
    "per_class_mAP50_95": {
      "A": 0.994858003511012,
      "B": 0.9934498412698411,
      "C": 0.9934168201815112,
      "D": 0.9822060980343554,
      "E": 0.9949999999999999,
      "F": 0.9921484698900349,
      "G": 0.9942622222222223,
      "H": 0.9888472750504063,
      "I": 0.9877432763375621,
      "J": 0.9949999999999999,
      "K": 0.9949999999999999,
      "L": 0.9946888888888891,
      "M": 0.9949999999999999,
      "N": 0.9776107229530228,
      "O": 0.9949999999999999,
      "P": 0.9949999999999999,
      "Q": 0.99397772670419,
      "R": 0.9810763309871297,
      "S": 0.9949999999999999,
      "T": 0.9941387005188156,
      "U": 0.9854679835558908,
      "V": 0.9889710872900801,
      "W": 0.9908872988780624,
      "X": 0.9936654323491643,
      "Y": 0.9931047602576852,
      "Z": 0.9935051729138777,
      "0": 0.9945600000000001,
      "1": 0.9796866571747787,
      "2": 0.9896039926650653,
      "3": 0.9949733333333333,
      "4": 0.9949999999999999,
      "5": 0.9949999999999999,
      "6": 0.9949600000000001,
      "7": 0.9949999999999999,
      "8": 0.9747558802201427,
      "9": 0.9924170590020477,
      "_": 0.9948662680617838
    },
    "dice_coefficient": 0.9617505385128815,
    "jaccard_index_iou": 0.9266020608097085
  },
  "segmentation": {
    "mAP50": 0.9949235465735252,
    "mAP50_95": 0.9200321026470167,
    "precision": 0.9956431320144747,
    "recall": 0.9957752571874868,
    "per_class_mAP50_95": {
      "A": 0.9949999999999999,
      "B": 0.9949999999999999,
      "C": 0.8947557493659953,
      "D": 0.899964392505827,
      "E": 0.9886617193457969,
      "F": 0.9314037332832535,
      "G": 0.9323197599439956,
      "H": 0.9421021667034093,
      "I": 0.8803577940911831,
      "J": 0.9646918364971692,
      "K": 0.8955,
      "L": 0.8575143614538735,
      "M": 0.9924621322017984,
      "N": 0.894060218325401,
      "O": 0.9949999999999999,
      "P": 0.896321378628284,
      "Q": 0.8895040085701789,
      "R": 0.92036250306148,
      "S": 0.9948755555555555,
      "T": 0.9471537665915667,
      "U": 0.9117816920174022,
      "V": 0.8053543395800956,
      "W": 0.8092709716084722,
      "X": 0.9270841782273873,
      "Y": 0.956132893768701,
      "Z": 0.8955,
      "0": 0.9949999999999999,
      "1": 0.8970174386523121,
      "2": 0.8955,
      "3": 0.8955,
      "4": 0.8926082742316785,
      "5": 0.892977523210542,
      "6": 0.8955,
      "7": 0.8955,
      "8": 0.8819771563769521,
      "9": 0.8955,
      "_": 0.9919722541413165
    },
    "dice_coefficient": 0.9617505385128815,
    "jaccard_index_iou": 0.9266020608097085,
    "per_class_dice": {
      "A": 0.9762093615873637,
      "B": 0.9739958427748411,
      "C": 0.9582510903612637,
      "D": 0.9575993975535344,
      "E": 0.9743496620492768,
      "F": 0.962921631660442,
      "G": 0.9610086340825681,
      "H": 0.9622421082589686,
      "I": 0.9517536052938739,
      "J": 0.9662332189680796,
      "K": 0.9592450758218484,
      "L": 0.9441438699764145,
      "M": 0.973759954271194,
      "N": 0.956278922562446,
      "O": 0.9794790733407561,
      "P": 0.957721028300737,
      "Q": 0.9532075142216017,
      "R": 0.9644002882431568,
      "S": 0.9767396899615517,
      "T": 0.9666681030963237,
      "U": 0.9631379104039471,
      "V": 0.9360597023412668,
      "W": 0.9388857376848532,
      "X": 0.964546033857535,
      "Y": 0.9720490242543243,
      "Z": 0.9588113959163078,
      "0": 0.9770445505124224,
      "1": 0.9631253487469086,
      "2": 0.9558339494107645,
      "3": 0.9622679097974431,
      "4": 0.9549534473919907,
      "5": 0.9560693283800755,
      "6": 0.9596095335752586,
      "7": 0.960073964740811,
      "8": 0.9511819063574137,
      "9": 0.9618510586010703,
      "_": 0.9719857617315807
    },
    "per_class_jaccard": {
      "A": 0.9535524036399488,
      "B": 0.9493245049441246,
      "C": 0.9199065896902948,
      "D": 0.9188001429985901,
      "E": 0.9500010126102387,
      "F": 0.9285669694168649,
      "G": 0.9250119508196631,
      "H": 0.9272950440878966,
      "I": 0.908299728633634,
      "J": 0.9347212103371998,
      "K": 0.9217125775008688,
      "L": 0.8952718114460597,
      "M": 0.9488871900897431,
      "N": 0.9164010856176869,
      "O": 0.9597895760497505,
      "P": 0.9189249563387877,
      "Q": 0.9109470407530451,
      "R": 0.931288257127491,
      "S": 0.9545502357473387,
      "T": 0.9355916711349457,
      "U": 0.9289718180618008,
      "V": 0.8801098999091622,
      "W": 0.8849636544494696,
      "X": 0.9315919841095921,
      "Y": 0.9456320495045786,
      "Z": 0.9209342815133641,
      "0": 0.9551338854700816,
      "1": 0.928916324339779,
      "2": 0.9154561326784767,
      "3": 0.9272910891740102,
      "4": 0.9138370574632376,
      "5": 0.9158666710351182,
      "6": 0.9223833092175492,
      "7": 0.9232413297643185,
      "8": 0.907050841529506,
      "9": 0.9265312784237585,
      "_": 0.9455176492808961
    }
  },
  "classification": {
    "accuracy": 1.0,
    "precision_macro": 1.0,
    "recall_macro": 1.0,
    "f1_macro": 1.0,
    "specificity_macro": 1.0,
    "per_class": {
      "A": {
        "precision": 1.0,
        "recall": 1.0,
        "f1": 1.0,
        "specificity": 1.0,
        "support": 224
      },
      "B": {
        "precision": 1.0,
        "recall": 1.0,
        "f1": 1.0,
        "specificity": 1.0,
        "support": 225
      },
      "C": {
        "precision": 1.0,
        "recall": 1.0,
        "f1": 1.0,
        "specificity": 1.0,
        "support": 225
      },
      "D": {
        "precision": 1.0,
        "recall": 1.0,
        "f1": 1.0,
        "specificity": 1.0,
        "support": 225
      },
      "E": {
        "precision": 1.0,
        "recall": 1.0,
        "f1": 1.0,
        "specificity": 1.0,
        "support": 225
      },
      "F": {
        "precision": 1.0,
        "recall": 1.0,
        "f1": 1.0,
        "specificity": 1.0,
        "support": 225
      },
      "G": {
        "precision": 1.0,
        "recall": 1.0,
        "f1": 1.0,
        "specificity": 1.0,
        "support": 225
      },
      "H": {
        "precision": 1.0,
        "recall": 1.0,
        "f1": 1.0,
        "specificity": 1.0,
        "support": 225
      },
      "I": {
        "precision": 1.0,
        "recall": 1.0,
        "f1": 1.0,
        "specificity": 1.0,
        "support": 225
      },
      "J": {
        "precision": 1.0,
        "recall": 1.0,
        "f1": 1.0,
        "specificity": 1.0,
        "support": 225
      },
      "K": {
        "precision": 1.0,
        "recall": 1.0,
        "f1": 1.0,
        "specificity": 1.0,
        "support": 225
      },
      "L": {
        "precision": 1.0,
        "recall": 1.0,
        "f1": 1.0,
        "specificity": 1.0,
        "support": 225
      },
      "M": {
        "precision": 1.0,
        "recall": 1.0,
        "f1": 1.0,
        "specificity": 1.0,
        "support": 225
      },
      "N": {
        "precision": 1.0,
        "recall": 1.0,
        "f1": 1.0,
        "specificity": 1.0,
        "support": 224
      },
      "O": {
        "precision": 1.0,
        "recall": 1.0,
        "f1": 1.0,
        "specificity": 1.0,
        "support": 225
      },
      "P": {
        "precision": 1.0,
        "recall": 1.0,
        "f1": 1.0,
        "specificity": 1.0,
        "support": 225
      },
      "Q": {
        "precision": 1.0,
        "recall": 1.0,
        "f1": 1.0,
        "specificity": 1.0,
        "support": 225
      },
      "R": {
        "precision": 1.0,
        "recall": 1.0,
        "f1": 1.0,
        "specificity": 1.0,
        "support": 225
      },
      "S": {
        "precision": 1.0,
        "recall": 1.0,
        "f1": 1.0,
        "specificity": 1.0,
        "support": 225
      },