{
  "total": 8325,
  "correct": 8325,
  "no_detection": 0,
  "per_class": {
    "A": {
      "tp": 225,
      "fp": 0,
      "fn": 0,
      "count": 225,
      "mean_dice": 0.9754156865918938,
      "mean_jaccard": 0.9520402173052791
    },
    "B": {
      "tp": 225,
      "fp": 0,
      "fn": 0,
      "count": 225,
      "mean_dice": 0.9738815121595262,
      "mean_jaccard": 0.9491093811422325
    },
    "C": {
      "tp": 225,
      "fp": 0,
      "fn": 0,
      "count": 225,
      "mean_dice": 0.9600906450143736,
      "mean_jaccard": 0.9233126555582478
    },
    "D": {
      "tp": 225,
      "fp": 0,
      "fn": 0,
      "count": 225,
      "mean_dice": 0.9584871926773033,
      "mean_jaccard": 0.9204142261988748
    },
    "E": {
      "tp": 225,
      "fp": 0,
      "fn": 0,
      "count": 225,
      "mean_dice": 0.9749137061579815,
      "mean_jaccard": 0.9510734769254167
    },
    "F": {
      "tp": 225,
      "fp": 0,
      "fn": 0,
      "count": 225,
      "mean_dice": 0.9642689968058699,
      "mean_jaccard": 0.9310649474165394
    },
    "G": {
      "tp": 225,
      "fp": 0,
      "fn": 0,
      "count": 225,
      "mean_dice": 0.9609550906884046,
      "mean_jaccard": 0.9249066569937796
    },
    "H": {
      "tp": 225,
      "fp": 0,
      "fn": 0,
      "count": 225,
      "mean_dice": 0.9624988202192554,
      "mean_jaccard": 0.9277510243868563
    },
    "I": {
      "tp": 225,
      "fp": 0,
      "fn": 0,
      "count": 225,
      "mean_dice": 0.9515428720351186,
      "mean_jaccard": 0.9079086089965989
    },
    "J": {
      "tp": 225,
      "fp": 0,
      "fn": 0,
      "count": 225,
      "mean_dice": 0.9660818178638828,
      "mean_jaccard": 0.9344542496162569
    },
    "K": {
      "tp": 225,
      "fp": 0,
      "fn": 0,
      "count": 225,
      "mean_dice": 0.9598817153992345,
      "mean_jaccard": 0.9228924293159837
    },
    "L": {
      "tp": 225,
      "fp": 0,
      "fn": 0,
      "count": 225,
      "mean_dice": 0.9452517147285923,
      "mean_jaccard": 0.896990115495888
    },
    "M": {
      "tp": 225,
      "fp": 0,
      "fn": 0,
      "count": 225,
      "mean_dice": 0.9739591199765112,
      "mean_jaccard": 0.9492664581757895
    },
    "N": {
      "tp": 225,
      "fp": 0,
      "fn": 0,
      "count": 225,
      "mean_dice": 0.9570537956312011,
      "mean_jaccard": 0.9177749597253988
    },
    "O": {
      "tp": 225,
      "fp": 0,
      "fn": 0,
      "count": 225,
      "mean_dice": 0.9794312074824142,
      "mean_jaccard": 0.9596997835304827
    },
    "P": {
      "tp": 225,
      "fp": 0,
      "fn": 0,
      "count": 225,
      "mean_dice": 0.959533205839796,
      "mean_jaccard": 0.9222564458494589
    },
    "Q": {
      "tp": 225,
      "fp": 0,
      "fn": 0,
      "count": 225,
      "mean_dice": 0.9525964054502013,
      "mean_jaccard": 0.9098501188650239
    },
    "R": {
      "tp": 225,
      "fp": 0,
      "fn": 0,
      "count": 225,
      "mean_dice": 0.9640441894966602,
      "mean_jaccard": 0.9306168062993323
    },
    "S": {
      "tp": 225,
      "fp": 0,
      "fn": 0,
      "count": 225,
      "mean_dice": 0.9763645123313499,
      "mean_jaccard": 0.9538396547024302
    },
    "T": {
      "tp": 225,
      "fp": 0,
      "fn": 0,
      "count": 225,
      "mean_dice": 0.9668734298083425,
      "mean_jaccard": 0.9359509768756151
    },
    "U": {
      "tp": 225,
      "fp": 0,
      "fn": 0,
      "count": 225,
      "mean_dice": 0.9636767920446357,
      "mean_jaccard": 0.9299786013669067
    },
    "V": {
      "tp": 225,
      "fp": 0,
      "fn": 0,
      "count": 225,
      "mean_dice": 0.9329795907662852,
      "mean_jaccard": 0.8751014160059445
    },
    "W": {
      "tp": 225,
      "fp": 0,
      "fn": 0,
      "count": 225,
      "mean_dice": 0.9389161084379889,
      "mean_jaccard": 0.8849864555260238
    },
    "X": {
      "tp": 225,
      "fp": 0,
      "fn": 0,
      "count": 225,
      "mean_dice": 0.9646969138437679,
      "mean_jaccard": 0.9318826348050738
    },
    "Y": {
      "tp": 225,
      "fp": 0,
      "fn": 0,
      "count": 225,
      "mean_dice": 0.9723747660675816,
      "mean_jaccard": 0.9462464093875126
    },
    "Z": {
      "tp": 225,
      "fp": 0,
      "fn": 0,
      "count": 225,
      "mean_dice": 0.9586530542983523,
      "mean_jaccard": 0.920646330321161
    },
    "0": {
      "tp": 225,
      "fp": 0,
      "fn": 0,
      "count": 225,
      "mean_dice": 0.9773550467252522,
      "mean_jaccard": 0.9557280157095326
    },
    "1": {
      "tp": 225,
      "fp": 0,
      "fn": 0,
      "count": 225,
      "mean_dice": 0.9628646721162314,
      "mean_jaccard": 0.9284338780616576
    },
    "2": {
      "tp": 225,
      "fp": 0,
      "fn": 0,
      "count": 225,
      "mean_dice": 0.9554059555349995,
      "mean_jaccard": 0.9146682592060457
    },
    "3": {
      "tp": 225,
      "fp": 0,
      "fn": 0,
      "count": 225,
      "mean_dice": 0.9628037997062892,
      "mean_jaccard": 0.9282904025365682
    },
    "4": {
      "tp": 225,
      "fp": 0,
      "fn": 0,
      "count": 225,
      "mean_dice": 0.9547487005782757,
      "mean_jaccard": 0.9134503809406721
    },
    "5": {
      "tp": 225,
      "fp": 0,
      "fn": 0,
      "count": 225,
      "mean_dice": 0.9556002056540379,
      "mean_jaccard": 0.9150077882178653
    },
    "6": {
      "tp": 225,
      "fp": 0,
      "fn": 0,
      "count": 225,
      "mean_dice": 0.9589115749393067,
      "mean_jaccard": 0.9210925536277427
    },
    "7": {
      "tp": 225,
      "fp": 0,
      "fn": 0,
      "count": 225,
      "mean_dice": 0.9602352153551942,
      "mean_jaccard": 0.9235374386053731
    },
    "8": {
      "tp": 225,
      "fp": 0,
      "fn": 0,
      "count": 225,
      "mean_dice": 0.9512097984456059,
      "mean_jaccard": 0.9071121985425472
    },
    "9": {
      "tp": 225,
      "fp": 0,
      "fn": 0,
      "count": 225,
      "mean_dice": 0.9622123009627838,
      "mean_jaccard": 0.927205692089715
    },
    "_": {
      "tp": 225,
      "fp": 0,
      "fn": 0,
      "count": 225,
      "mean_dice": 0.9717378095994221,
      "mean_jaccard": 0.9450482874099438
    }
  },
  "accuracy": 1.0
}